-- MetaReverse — Seed Data
-- 1 org, 1 owner user, 3 batches, 7 pages, sample posting IDs, sample posts

-- ============================================================
-- Organization
-- ============================================================

INSERT INTO organizations (id, clerk_org_id, name, slug, plan)
VALUES (
  'a0000000-0000-0000-0000-000000000001',
  'org_test_seed',
  'MetaReverse Demo',
  'metareverse-demo',
  'professional'
) ON CONFLICT (clerk_org_id) DO NOTHING;

-- ============================================================
-- Owner User
-- ============================================================

INSERT INTO users (id, clerk_user_id, org_id, email, first_name, last_name)
VALUES (
  'b0000000-0000-0000-0000-000000000001',
  'user_test_owner',
  'a0000000-0000-0000-0000-000000000001',
  'owner@metareverse.xyz',
  'Ruhan',
  'Asghar'
) ON CONFLICT (clerk_user_id) DO NOTHING;

-- Team member record
INSERT INTO team_members (id, org_id, user_id, roles, batch_ids, status, joined_at)
VALUES (
  'c0000000-0000-0000-0000-000000000001',
  'a0000000-0000-0000-0000-000000000001',
  'b0000000-0000-0000-0000-000000000001',
  '{owner}',
  '{}',
  'active',
  now()
) ON CONFLICT (org_id, user_id) DO NOTHING;

-- ============================================================
-- Batches (3)
-- ============================================================

INSERT INTO batches (id, org_id, name, color, description) VALUES
  ('d0000000-0000-0000-0000-000000000001', 'a0000000-0000-0000-0000-000000000001', 'Partner A — Lifestyle', '#8B5CF6', 'Lifestyle and entertainment pages'),
  ('d0000000-0000-0000-0000-000000000002', 'a0000000-0000-0000-0000-000000000001', 'Partner B — Education', '#FF6B2B', 'Education and knowledge pages'),
  ('d0000000-0000-0000-0000-000000000003', 'a0000000-0000-0000-0000-000000000001', 'Partner C — Women''s', '#0EA5E9', 'Women-focused content')
ON CONFLICT DO NOTHING;

-- ============================================================
-- Pages (7 across 3 batches)
-- ============================================================

-- Batch A: Lifestyle
INSERT INTO pages (id, org_id, batch_id, platform, platform_page_id, name, follower_count, timezone, post_interval_hours, monetization_status, status) VALUES
  ('e0000000-0000-0000-0000-000000000001', 'a0000000-0000-0000-0000-000000000001', 'd0000000-0000-0000-0000-000000000001', 'facebook', 'fb_laugh_central', 'Laugh Central', 3200000, 'America/New_York', 4, 'enrolled', 'ready'),
  ('e0000000-0000-0000-0000-000000000002', 'a0000000-0000-0000-0000-000000000001', 'd0000000-0000-0000-0000-000000000001', 'facebook', 'fb_fitness_factory', 'Fitness Factory', 310000, 'America/Los_Angeles', 6, 'enrolled', 'ready'),
  ('e0000000-0000-0000-0000-000000000003', 'a0000000-0000-0000-0000-000000000001', 'd0000000-0000-0000-0000-000000000001', 'facebook', 'fb_daily_health', 'Daily Health Tips', 420000, 'America/Chicago', 4, 'enrolled', 'ready');

-- Batch B: Education
INSERT INTO pages (id, org_id, batch_id, platform, platform_page_id, name, follower_count, timezone, post_interval_hours, monetization_status, status) VALUES
  ('e0000000-0000-0000-0000-000000000004', 'a0000000-0000-0000-0000-000000000001', 'd0000000-0000-0000-0000-000000000002', 'facebook', 'fb_history_uncovered', 'History Uncovered', 2400000, 'Europe/London', 4, 'enrolled', 'ready'),
  ('e0000000-0000-0000-0000-000000000005', 'a0000000-0000-0000-0000-000000000001', 'd0000000-0000-0000-0000-000000000002', 'facebook', 'fb_techbyte', 'TechByte', 1100000, 'America/New_York', 3, 'enrolled', 'ready'),
  ('e0000000-0000-0000-0000-000000000006', 'a0000000-0000-0000-0000-000000000001', 'd0000000-0000-0000-0000-000000000002', 'facebook', 'fb_money_matters', 'Money Matters', 680000, 'America/New_York', 4, 'not_enrolled', 'ready');

-- Batch C: Women's
INSERT INTO pages (id, org_id, batch_id, platform, platform_page_id, name, follower_count, timezone, post_interval_hours, monetization_status, status) VALUES
  ('e0000000-0000-0000-0000-000000000007', 'a0000000-0000-0000-0000-000000000001', 'd0000000-0000-0000-0000-000000000003', 'facebook', 'fb_know_her_name', 'Know Her Name', 136000, 'America/New_York', 6, 'enrolled', 'ready');

-- ============================================================
-- Posting IDs (3 Facebook user accounts)
-- ============================================================

INSERT INTO posting_ids (id, org_id, facebook_user_id, name, status, health_score, reach_28d) VALUES
  ('f0000000-0000-0000-0000-000000000001', 'a0000000-0000-0000-0000-000000000001', 'fb_user_001', 'Posting Account Alpha', 'active', 92, 4500000),
  ('f0000000-0000-0000-0000-000000000002', 'a0000000-0000-0000-0000-000000000001', 'fb_user_002', 'Posting Account Beta', 'active', 78, 2800000),
  ('f0000000-0000-0000-0000-000000000003', 'a0000000-0000-0000-0000-000000000001', 'fb_user_003', 'Posting Account Gamma', 'active', 45, 900000)
ON CONFLICT DO NOTHING;

-- Assign posting IDs to pages
INSERT INTO page_posting_id_assignments (page_id, posting_id_id, sort_order) VALUES
  ('e0000000-0000-0000-0000-000000000001', 'f0000000-0000-0000-0000-000000000001', 0),
  ('e0000000-0000-0000-0000-000000000001', 'f0000000-0000-0000-0000-000000000002', 1),
  ('e0000000-0000-0000-0000-000000000002', 'f0000000-0000-0000-0000-000000000001', 0),
  ('e0000000-0000-0000-0000-000000000003', 'f0000000-0000-0000-0000-000000000002', 0),
  ('e0000000-0000-0000-0000-000000000004', 'f0000000-0000-0000-0000-000000000001', 0),
  ('e0000000-0000-0000-0000-000000000004', 'f0000000-0000-0000-0000-000000000003', 1),
  ('e0000000-0000-0000-0000-000000000005', 'f0000000-0000-0000-0000-000000000002', 0),
  ('e0000000-0000-0000-0000-000000000006', 'f0000000-0000-0000-0000-000000000003', 0),
  ('e0000000-0000-0000-0000-000000000007', 'f0000000-0000-0000-0000-000000000003', 0)
ON CONFLICT DO NOTHING;

-- ============================================================
-- Sample Posts (various statuses to exercise the state machine)
-- ============================================================

INSERT INTO posts (id, org_id, page_id, created_by, status, media_type, caption_facebook, scheduled_at) VALUES
  -- Published posts
  ('10000000-0000-0000-0000-000000000001', 'a0000000-0000-0000-0000-000000000001', 'e0000000-0000-0000-0000-000000000001', 'b0000000-0000-0000-0000-000000000001', 'published', 'photo', 'When Monday hits different but you still gotta smile 😂', '2026-04-10 10:00:00+00'),
  ('10000000-0000-0000-0000-000000000002', 'a0000000-0000-0000-0000-000000000001', 'e0000000-0000-0000-0000-000000000001', 'b0000000-0000-0000-0000-000000000001', 'published', 'reel', 'POV: You finally understand that meme from 2019', '2026-04-10 14:00:00+00'),
  ('10000000-0000-0000-0000-000000000003', 'a0000000-0000-0000-0000-000000000001', 'e0000000-0000-0000-0000-000000000004', 'b0000000-0000-0000-0000-000000000001', 'published', 'photo', 'The real reason the Library of Alexandria burned down might surprise you', '2026-04-10 16:00:00+00'),

  -- Queued posts
  ('10000000-0000-0000-0000-000000000004', 'a0000000-0000-0000-0000-000000000001', 'e0000000-0000-0000-0000-000000000001', 'b0000000-0000-0000-0000-000000000001', 'queued', 'photo', 'Tag someone who needs to see this 😭', '2026-04-14 10:00:00+00'),
  ('10000000-0000-0000-0000-000000000005', 'a0000000-0000-0000-0000-000000000001', 'e0000000-0000-0000-0000-000000000005', 'b0000000-0000-0000-0000-000000000001', 'queued', 'photo', '5 AI tools that will change how you work in 2026', '2026-04-14 12:00:00+00'),

  -- Draft posts
  ('10000000-0000-0000-0000-000000000006', 'a0000000-0000-0000-0000-000000000001', 'e0000000-0000-0000-0000-000000000002', 'b0000000-0000-0000-0000-000000000001', 'draft', 'photo', 'The one exercise everyone skips but shouldn''t', NULL),
  ('10000000-0000-0000-0000-000000000007', 'a0000000-0000-0000-0000-000000000001', 'e0000000-0000-0000-0000-000000000007', 'b0000000-0000-0000-0000-000000000001', 'draft', 'reel', 'She changed history but nobody taught you about her', NULL),

  -- Pending approval
  ('10000000-0000-0000-0000-000000000008', 'a0000000-0000-0000-0000-000000000001', 'e0000000-0000-0000-0000-000000000003', 'b0000000-0000-0000-0000-000000000001', 'pending_approval', 'photo', '3 morning habits that actually work according to science', NULL),

  -- Failed posts
  ('10000000-0000-0000-0000-000000000009', 'a0000000-0000-0000-0000-000000000001', 'e0000000-0000-0000-0000-000000000006', 'b0000000-0000-0000-0000-000000000001', 'failed_temporary', 'photo', 'Why compound interest is your best friend (and worst enemy)', '2026-04-11 08:00:00+00'),
  ('10000000-0000-0000-0000-000000000010', 'a0000000-0000-0000-0000-000000000001', 'e0000000-0000-0000-0000-000000000004', 'b0000000-0000-0000-0000-000000000001', 'reconnect_required', 'photo', 'The map that proves Vikings reached America 500 years before Columbus', '2026-04-11 12:00:00+00')
ON CONFLICT DO NOTHING;

-- Update published posts with published_at
UPDATE posts SET published_at = scheduled_at WHERE status = 'published' AND id IN (
  '10000000-0000-0000-0000-000000000001',
  '10000000-0000-0000-0000-000000000002',
  '10000000-0000-0000-0000-000000000003'
);

-- Set failed metadata
UPDATE posts SET failed_at = '2026-04-11 08:01:00+00', failure_reason = 'API timeout after 60 seconds', failed_category = 'temporary_issue'
WHERE id = '10000000-0000-0000-0000-000000000009';

UPDATE posts SET failed_at = '2026-04-11 12:01:00+00', failure_reason = 'Access token expired (error 190)', failed_category = 'reconnect_needed'
WHERE id = '10000000-0000-0000-0000-000000000010';

-- ============================================================
-- Sample Insights (last 28 days for each page)
-- ============================================================

INSERT INTO page_insights (page_id, org_id, period_start, period_end, views, viewers, follows, unfollows, visits, interactions, link_clicks, video_views, reactions, comments, shares) VALUES
  ('e0000000-0000-0000-0000-000000000001', 'a0000000-0000-0000-0000-000000000001', '2026-03-16', '2026-04-12', 18400000, 12800000, 42000, 8200, 560000, 1240000, 89000, 9200000, 680000, 124000, 436000),
  ('e0000000-0000-0000-0000-000000000002', 'a0000000-0000-0000-0000-000000000001', '2026-03-16', '2026-04-12', 2100000, 1400000, 8900, 2100, 78000, 268000, 12000, 980000, 156000, 22000, 90000),
  ('e0000000-0000-0000-0000-000000000003', 'a0000000-0000-0000-0000-000000000001', '2026-03-16', '2026-04-12', 3800000, 2600000, 14000, 3800, 124000, 412000, 34000, 1800000, 234000, 38000, 140000),
  ('e0000000-0000-0000-0000-000000000004', 'a0000000-0000-0000-0000-000000000001', '2026-03-16', '2026-04-12', 14200000, 9800000, 38000, 7400, 420000, 980000, 72000, 7100000, 520000, 98000, 362000),
  ('e0000000-0000-0000-0000-000000000005', 'a0000000-0000-0000-0000-000000000001', '2026-03-16', '2026-04-12', 6200000, 4200000, 22000, 4800, 210000, 580000, 48000, 3100000, 312000, 56000, 212000),
  ('e0000000-0000-0000-0000-000000000006', 'a0000000-0000-0000-0000-000000000001', '2026-03-16', '2026-04-12', 4800000, 3200000, 12000, 3200, 156000, 380000, 28000, 2400000, 198000, 42000, 140000),
  ('e0000000-0000-0000-0000-000000000007', 'a0000000-0000-0000-0000-000000000001', '2026-03-16', '2026-04-12', 180000, 120000, 2200, 480, 8400, 24000, 1800, 82000, 14000, 3200, 6800)
ON CONFLICT DO NOTHING;

-- ============================================================
-- Sample Revenue (last 7 days)
-- ============================================================

INSERT INTO revenue_records (page_id, org_id, date, total_cents, reels_cents, photos_cents, stories_cents, text_cents, views) VALUES
  -- Laugh Central (high revenue)
  ('e0000000-0000-0000-0000-000000000001', 'a0000000-0000-0000-0000-000000000001', '2026-04-06', 42800, 6420, 30816, 3424, 2140, 2628571),
  ('e0000000-0000-0000-0000-000000000001', 'a0000000-0000-0000-0000-000000000001', '2026-04-07', 45200, 6780, 32544, 3616, 2260, 2771429),
  ('e0000000-0000-0000-0000-000000000001', 'a0000000-0000-0000-0000-000000000001', '2026-04-08', 38600, 5790, 27792, 3088, 1930, 2371429),
  ('e0000000-0000-0000-0000-000000000001', 'a0000000-0000-0000-0000-000000000001', '2026-04-09', 51200, 7680, 36864, 4096, 2560, 3142857),
  ('e0000000-0000-0000-0000-000000000001', 'a0000000-0000-0000-0000-000000000001', '2026-04-10', 47600, 7140, 34272, 3808, 2380, 2914286),
  ('e0000000-0000-0000-0000-000000000001', 'a0000000-0000-0000-0000-000000000001', '2026-04-11', 49800, 7470, 35856, 3984, 2490, 3057143),
  ('e0000000-0000-0000-0000-000000000001', 'a0000000-0000-0000-0000-000000000001', '2026-04-12', 44100, 6615, 31752, 3528, 2205, 2714286),

  -- History Uncovered
  ('e0000000-0000-0000-0000-000000000004', 'a0000000-0000-0000-0000-000000000001', '2026-04-06', 35200, 5280, 25344, 2816, 1760, 2028571),
  ('e0000000-0000-0000-0000-000000000004', 'a0000000-0000-0000-0000-000000000001', '2026-04-07', 37800, 5670, 27216, 3024, 1890, 2171429),
  ('e0000000-0000-0000-0000-000000000004', 'a0000000-0000-0000-0000-000000000001', '2026-04-08', 32400, 4860, 23328, 2592, 1620, 1857143),
  ('e0000000-0000-0000-0000-000000000004', 'a0000000-0000-0000-0000-000000000001', '2026-04-09', 41000, 6150, 29520, 3280, 2050, 2357143),
  ('e0000000-0000-0000-0000-000000000004', 'a0000000-0000-0000-0000-000000000001', '2026-04-10', 38200, 5730, 27504, 3056, 1910, 2200000),
  ('e0000000-0000-0000-0000-000000000004', 'a0000000-0000-0000-0000-000000000001', '2026-04-11', 39600, 5940, 28512, 3168, 1980, 2285714),
  ('e0000000-0000-0000-0000-000000000004', 'a0000000-0000-0000-0000-000000000001', '2026-04-12', 36400, 5460, 26208, 2912, 1820, 2085714),

  -- TechByte
  ('e0000000-0000-0000-0000-000000000005', 'a0000000-0000-0000-0000-000000000001', '2026-04-06', 19800, 2970, 14256, 1584, 990, 885714),
  ('e0000000-0000-0000-0000-000000000005', 'a0000000-0000-0000-0000-000000000001', '2026-04-07', 21200, 3180, 15264, 1696, 1060, 942857),
  ('e0000000-0000-0000-0000-000000000005', 'a0000000-0000-0000-0000-000000000001', '2026-04-08', 18400, 2760, 13248, 1472, 920, 814286),
  ('e0000000-0000-0000-0000-000000000005', 'a0000000-0000-0000-0000-000000000001', '2026-04-09', 22800, 3420, 16416, 1824, 1140, 1014286),
  ('e0000000-0000-0000-0000-000000000005', 'a0000000-0000-0000-0000-000000000001', '2026-04-10', 20600, 3090, 14832, 1648, 1030, 914286),
  ('e0000000-0000-0000-0000-000000000005', 'a0000000-0000-0000-0000-000000000001', '2026-04-11', 21800, 3270, 15696, 1744, 1090, 971429),
  ('e0000000-0000-0000-0000-000000000005', 'a0000000-0000-0000-0000-000000000001', '2026-04-12', 19200, 2880, 13824, 1536, 960, 857143),

  -- Know Her Name (smallest)
  ('e0000000-0000-0000-0000-000000000007', 'a0000000-0000-0000-0000-000000000001', '2026-04-06', 340, 51, 245, 27, 17, 25714),
  ('e0000000-0000-0000-0000-000000000007', 'a0000000-0000-0000-0000-000000000001', '2026-04-07', 380, 57, 274, 30, 19, 28571),
  ('e0000000-0000-0000-0000-000000000007', 'a0000000-0000-0000-0000-000000000001', '2026-04-08', 290, 44, 209, 23, 14, 21429),
  ('e0000000-0000-0000-0000-000000000007', 'a0000000-0000-0000-0000-000000000001', '2026-04-09', 420, 63, 302, 34, 21, 31429),
  ('e0000000-0000-0000-0000-000000000007', 'a0000000-0000-0000-0000-000000000001', '2026-04-10', 360, 54, 259, 29, 18, 27143),
  ('e0000000-0000-0000-0000-000000000007', 'a0000000-0000-0000-0000-000000000001', '2026-04-11', 400, 60, 288, 32, 20, 30000),
  ('e0000000-0000-0000-0000-000000000007', 'a0000000-0000-0000-0000-000000000001', '2026-04-12', 320, 48, 230, 26, 16, 24286)
ON CONFLICT DO NOTHING;
